"","regio","medium2","medtype","partij","partij2","n"
"1","Almere","1almere.nl","lokaal","cda","cda",44
"2","Almere","1almere.nl","lokaal","cu","cu",26
"3","Almere","1almere.nl","lokaal","d66","d66",33
"4","Almere","1almere.nl","lokaal","gl","gl",13
"5","Almere","1almere.nl","lokaal","lokaal","almereanders",35
"6","Almere","1almere.nl","lokaal","lokaal","ap_opa",14
"7","Almere","1almere.nl","lokaal","lokaal","glp",13
"8","Almere","1almere.nl","lokaal","lokaal","la",68
"9","Almere","1almere.nl","lokaal","lokaal","ra",8
"10","Almere","1almere.nl","lokaal","lokaal","wow",11
"11","Almere","1almere.nl","lokaal","lokaal","wstav",33
"12","Almere","1almere.nl","lokaal","pvda","pvda",21
"13","Almere","1almere.nl","lokaal","pvdd","pvdd",3
"14","Almere","1almere.nl","lokaal","pvv","pvv",20
"15","Almere","1almere.nl","lokaal","sp","sp",19
"16","Almere","1almere.nl","lokaal","vvd","vvd",52
"17","Almere","Almere Deze Week","lokaal","cda","cda",75
"18","Almere","Almere Deze Week","lokaal","cu","cu",21
"19","Almere","Almere Deze Week","lokaal","d66","d66",38
"20","Almere","Almere Deze Week","lokaal","gl","gl",20
"21","Almere","Almere Deze Week","lokaal","lokaal","almereanders",34
"22","Almere","Almere Deze Week","lokaal","lokaal","ap_opa",68
"23","Almere","Almere Deze Week","lokaal","lokaal","glp",38
"24","Almere","Almere Deze Week","lokaal","lokaal","la",110
"25","Almere","Almere Deze Week","lokaal","lokaal","ra",8
"26","Almere","Almere Deze Week","lokaal","lokaal","wow",7
"27","Almere","Almere Deze Week","lokaal","lokaal","wstav",44
"28","Almere","Almere Deze Week","lokaal","pvda","pvda",89
"29","Almere","Almere Deze Week","lokaal","pvdd","pvdd",17
"30","Almere","Almere Deze Week","lokaal","pvv","pvv",109
"31","Almere","Almere Deze Week","lokaal","sp","sp",33
"32","Almere","Almere Deze Week","lokaal","vvd","vvd",50
"33","Almere","almeredezeweek.nl","lokaal","cda","cda",129
"34","Almere","almeredezeweek.nl","lokaal","cu","cu",21
"35","Almere","almeredezeweek.nl","lokaal","d66","d66",75
"36","Almere","almeredezeweek.nl","lokaal","gl","gl",29
"37","Almere","almeredezeweek.nl","lokaal","lokaal","almereanders",66
"38","Almere","almeredezeweek.nl","lokaal","lokaal","ap_opa",51
"39","Almere","almeredezeweek.nl","lokaal","lokaal","glp",23
"40","Almere","almeredezeweek.nl","lokaal","lokaal","la",225
"41","Almere","almeredezeweek.nl","lokaal","lokaal","ra",2
"42","Almere","almeredezeweek.nl","lokaal","lokaal","wow",2
"43","Almere","almeredezeweek.nl","lokaal","lokaal","wstav",61
"44","Almere","almeredezeweek.nl","lokaal","pvda","pvda",134
"45","Almere","almeredezeweek.nl","lokaal","pvdd","pvdd",10
"46","Almere","almeredezeweek.nl","lokaal","pvv","pvv",190
"47","Almere","almeredezeweek.nl","lokaal","sp","sp",33
"48","Almere","almeredezeweek.nl","lokaal","vvd","vvd",104
"49","Almere","omroepalmere.nl","lokaal","cda","cda",80
"50","Almere","omroepalmere.nl","lokaal","cu","cu",21
"51","Almere","omroepalmere.nl","lokaal","d66","d66",78
"52","Almere","omroepalmere.nl","lokaal","gl","gl",3
"53","Almere","omroepalmere.nl","lokaal","lokaal","almereanders",14
"54","Almere","omroepalmere.nl","lokaal","lokaal","ap_opa",26
"55","Almere","omroepalmere.nl","lokaal","lokaal","glp",30
"56","Almere","omroepalmere.nl","lokaal","lokaal","la",58
"57","Almere","omroepalmere.nl","lokaal","lokaal","ra",24
"58","Almere","omroepalmere.nl","lokaal","lokaal","wstav",3
"59","Almere","omroepalmere.nl","lokaal","pvda","pvda",24
"60","Almere","omroepalmere.nl","lokaal","pvdd","pvdd",1
"61","Almere","omroepalmere.nl","lokaal","pvv","pvv",21
"62","Almere","omroepalmere.nl","lokaal","sp","sp",18
"63","Almere","omroepalmere.nl","lokaal","vvd","vvd",35
"64","Almere","omroepflevoland.nl","lokaal","cda","cda",268
"65","Almere","omroepflevoland.nl","lokaal","cu","cu",95
"66","Almere","omroepflevoland.nl","lokaal","d66","d66",199
"67","Almere","omroepflevoland.nl","lokaal","gl","gl",124
"68","Almere","omroepflevoland.nl","lokaal","lokaal","almereanders",21
"69","Almere","omroepflevoland.nl","lokaal","lokaal","ap_opa",10
"70","Almere","omroepflevoland.nl","lokaal","lokaal","glp",8
"71","Almere","omroepflevoland.nl","lokaal","lokaal","la",207
"72","Almere","omroepflevoland.nl","lokaal","lokaal","ra",15
"73","Almere","omroepflevoland.nl","lokaal","lokaal","wow",9
"74","Almere","omroepflevoland.nl","lokaal","lokaal","wstav",84
"75","Almere","omroepflevoland.nl","lokaal","pvda","pvda",137
"76","Almere","omroepflevoland.nl","lokaal","pvdd","pvdd",16
"77","Almere","omroepflevoland.nl","lokaal","pvv","pvv",125
"78","Almere","omroepflevoland.nl","lokaal","sp","sp",152
"79","Almere","omroepflevoland.nl","lokaal","vvd","vvd",226
"80","Amsterdam","at5.nl","lokaal","cda","cda",106
"81","Amsterdam","at5.nl","lokaal","cu","cu",28
"82","Amsterdam","at5.nl","lokaal","d66","d66",375
"83","Amsterdam","at5.nl","lokaal","denk","denk",584
"84","Amsterdam","at5.nl","lokaal","fvd","fvd",599
"85","Amsterdam","at5.nl","lokaal","gl","gl",287
"86","Amsterdam","at5.nl","lokaal","lokaal","antiscooter",2
"87","Amsterdam","at5.nl","lokaal","lokaal","basisinkomen",3
"88","Amsterdam","at5.nl","lokaal","lokaal","bij1",90
"89","Amsterdam","at5.nl","lokaal","lokaal","blanco17",20
"90","Amsterdam","at5.nl","lokaal","lokaal","blanco28",4
"91","Amsterdam","at5.nl","lokaal","lokaal","carryonthemove",3
"92","Amsterdam","at5.nl","lokaal","lokaal","piratenpartij",43
"93","Amsterdam","at5.nl","lokaal","lokaal","pvo",34
"94","Amsterdam","at5.nl","lokaal","lokaal","queer",15
"95","Amsterdam","at5.nl","lokaal","lokaal","samen",126
"96","Amsterdam","at5.nl","lokaal","lokaal","stemvandestraat",23
"97","Amsterdam","at5.nl","lokaal","lokaal","ubuntu",1
"98","Amsterdam","at5.nl","lokaal","plus50","plus50",5
"99","Amsterdam","at5.nl","lokaal","pvda","pvda",358
"100","Amsterdam","at5.nl","lokaal","pvdd","pvdd",105
"101","Amsterdam","at5.nl","lokaal","sgp","sgp",19
"102","Amsterdam","at5.nl","lokaal","sp","sp",329
"103","Amsterdam","at5.nl","lokaal","vvd","vvd",364
"104","Amsterdam","echo.nl","lokaal","cda","cda",10
"105","Amsterdam","echo.nl","lokaal","cu","cu",3
"106","Amsterdam","echo.nl","lokaal","d66","d66",34
"107","Amsterdam","echo.nl","lokaal","denk","denk",30
"108","Amsterdam","echo.nl","lokaal","fvd","fvd",78
"109","Amsterdam","echo.nl","lokaal","gl","gl",22
"110","Amsterdam","echo.nl","lokaal","lokaal","antiscooter",4
"111","Amsterdam","echo.nl","lokaal","lokaal","bb",9
"112","Amsterdam","echo.nl","lokaal","lokaal","bij1",11
"113","Amsterdam","echo.nl","lokaal","lokaal","piratenpartij",9
"114","Amsterdam","echo.nl","lokaal","lokaal","pvo",2
"115","Amsterdam","echo.nl","lokaal","lokaal","samen",48
"116","Amsterdam","echo.nl","lokaal","plus50","plus50",3
"117","Amsterdam","echo.nl","lokaal","pvda","pvda",29
"118","Amsterdam","echo.nl","lokaal","pvdd","pvdd",19
"119","Amsterdam","echo.nl","lokaal","sgp","sgp",2
"120","Amsterdam","echo.nl","lokaal","sp","sp",25
"121","Amsterdam","echo.nl","lokaal","vvd","vvd",30
"122","Amsterdam","Het Parool","lokaal","cda","cda",215
"123","Amsterdam","Het Parool","lokaal","cu","cu",89
"124","Amsterdam","Het Parool","lokaal","d66","d66",611
"125","Amsterdam","Het Parool","lokaal","denk","denk",936
"126","Amsterdam","Het Parool","lokaal","fvd","fvd",486
"127","Amsterdam","Het Parool","lokaal","gl","gl",463
"128","Amsterdam","Het Parool","lokaal","lokaal","antiscooter",19
"129","Amsterdam","Het Parool","lokaal","lokaal","basisinkomen",10
"130","Amsterdam","Het Parool","lokaal","lokaal","bb",6
"131","Amsterdam","Het Parool","lokaal","lokaal","bij1",187
"132","Amsterdam","Het Parool","lokaal","lokaal","blanco17",19
"133","Amsterdam","Het Parool","lokaal","lokaal","blanco28",21
"134","Amsterdam","Het Parool","lokaal","lokaal","carryonthemove",17
"135","Amsterdam","Het Parool","lokaal","lokaal","piratenpartij",31
"136","Amsterdam","Het Parool","lokaal","lokaal","platformadam",6
"137","Amsterdam","Het Parool","lokaal","lokaal","pvi",12
"138","Amsterdam","Het Parool","lokaal","lokaal","pvo",28
"139","Amsterdam","Het Parool","lokaal","lokaal","queer",38
"140","Amsterdam","Het Parool","lokaal","lokaal","republikeinsepartij",18
"141","Amsterdam","Het Parool","lokaal","lokaal","samen",496
"142","Amsterdam","Het Parool","lokaal","lokaal","stemvandestraat",28
"143","Amsterdam","Het Parool","lokaal","plus50","plus50",38
"144","Amsterdam","Het Parool","lokaal","pvda","pvda",418
"145","Amsterdam","Het Parool","lokaal","pvdd","pvdd",123
"146","Amsterdam","Het Parool","lokaal","sgp","sgp",62
"147","Amsterdam","Het Parool","lokaal","sp","sp",334
"148","Amsterdam","Het Parool","lokaal","vvd","vvd",629
"149","Amsterdam","nhnieuws.nl","lokaal","cda","cda",118
"150","Amsterdam","nhnieuws.nl","lokaal","cu","cu",64
"151","Amsterdam","nhnieuws.nl","lokaal","d66","d66",217
"152","Amsterdam","nhnieuws.nl","lokaal","denk","denk",144
"153","Amsterdam","nhnieuws.nl","lokaal","fvd","fvd",95
"154","Amsterdam","nhnieuws.nl","lokaal","gl","gl",145
"155","Amsterdam","nhnieuws.nl","lokaal","lokaal","antiscooter",2
"156","Amsterdam","nhnieuws.nl","lokaal","lokaal","basisinkomen",1
"157","Amsterdam","nhnieuws.nl","lokaal","lokaal","bij1",9
"158","Amsterdam","nhnieuws.nl","lokaal","lokaal","blanco17",1
"159","Amsterdam","nhnieuws.nl","lokaal","lokaal","blanco28",2
"160","Amsterdam","nhnieuws.nl","lokaal","lokaal","piratenpartij",9
"161","Amsterdam","nhnieuws.nl","lokaal","lokaal","platformadam",1
"162","Amsterdam","nhnieuws.nl","lokaal","lokaal","pvi",3
"163","Amsterdam","nhnieuws.nl","lokaal","lokaal","pvo",2
"164","Amsterdam","nhnieuws.nl","lokaal","lokaal","queer",49
"165","Amsterdam","nhnieuws.nl","lokaal","lokaal","republikeinsepartij",1
"166","Amsterdam","nhnieuws.nl","lokaal","lokaal","samen",127
"167","Amsterdam","nhnieuws.nl","lokaal","lokaal","ubuntu",1
"168","Amsterdam","nhnieuws.nl","lokaal","plus50","plus50",3
"169","Amsterdam","nhnieuws.nl","lokaal","pvda","pvda",161
"170","Amsterdam","nhnieuws.nl","lokaal","pvdd","pvdd",20
"171","Amsterdam","nhnieuws.nl","lokaal","sgp","sgp",21
"172","Amsterdam","nhnieuws.nl","lokaal","sp","sp",55
"173","Amsterdam","nhnieuws.nl","lokaal","vvd","vvd",204
"174","Amsterdam","parool.nl","lokaal","cda","cda",211
"175","Amsterdam","parool.nl","lokaal","cu","cu",54
"176","Amsterdam","parool.nl","lokaal","d66","d66",517
"177","Amsterdam","parool.nl","lokaal","denk","denk",612
"178","Amsterdam","parool.nl","lokaal","fvd","fvd",631
"179","Amsterdam","parool.nl","lokaal","gl","gl",515
"180","Amsterdam","parool.nl","lokaal","lokaal","antiscooter",16
"181","Amsterdam","parool.nl","lokaal","lokaal","basisinkomen",12
"182","Amsterdam","parool.nl","lokaal","lokaal","bb",4
"183","Amsterdam","parool.nl","lokaal","lokaal","bij1",116
"184","Amsterdam","parool.nl","lokaal","lokaal","blanco17",16
"185","Amsterdam","parool.nl","lokaal","lokaal","blanco28",20
"186","Amsterdam","parool.nl","lokaal","lokaal","carryonthemove",3
"187","Amsterdam","parool.nl","lokaal","lokaal","piratenpartij",31
"188","Amsterdam","parool.nl","lokaal","lokaal","pvi",14
"189","Amsterdam","parool.nl","lokaal","lokaal","pvo",37
"190","Amsterdam","parool.nl","lokaal","lokaal","samen",282
"191","Amsterdam","parool.nl","lokaal","lokaal","stemvandestraat",32
"192","Amsterdam","parool.nl","lokaal","lokaal","ubuntu",9
"193","Amsterdam","parool.nl","lokaal","plus50","plus50",122
"194","Amsterdam","parool.nl","lokaal","pvda","pvda",398
"195","Amsterdam","parool.nl","lokaal","pvdd","pvdd",112
"196","Amsterdam","parool.nl","lokaal","sgp","sgp",39
"197","Amsterdam","parool.nl","lokaal","sp","sp",355
"198","Amsterdam","parool.nl","lokaal","vvd","vvd",578
"199","Bunschoten","ad.nl/amersfoort","lokaal","cda","cda",54
"200","Bunschoten","ad.nl/amersfoort","lokaal","cu","cu",54
"201","Bunschoten","ad.nl/amersfoort","lokaal","lokaal","cap",7
"202","Bunschoten","ad.nl/amersfoort","lokaal","lokaal","svp",1
"203","Bunschoten","ad.nl/amersfoort","lokaal","sgp","sgp",37
"204","Bunschoten","ad.nl/amersfoort","lokaal","vvd","vvd",114
"205","Bunschoten","AD/Amersfoortse Courant","regionaal","cda","cda",192
"206","Bunschoten","AD/Amersfoortse Courant","regionaal","cu","cu",139
"207","Bunschoten","AD/Amersfoortse Courant","regionaal","lokaal","cap",10
"208","Bunschoten","AD/Amersfoortse Courant","regionaal","lokaal","svp",1
"209","Bunschoten","AD/Amersfoortse Courant","regionaal","sgp","sgp",79
"210","Bunschoten","AD/Amersfoortse Courant","regionaal","vvd","vvd",324
"211","Bunschoten","De Gooi- en Eemlander","regionaal","cda","cda",356
"212","Bunschoten","De Gooi- en Eemlander","regionaal","cu","cu",135
"213","Bunschoten","De Gooi- en Eemlander","regionaal","lokaal","cap",5
"214","Bunschoten","De Gooi- en Eemlander","regionaal","sgp","sgp",78
"215","Bunschoten","De Gooi- en Eemlander","regionaal","vvd","vvd",386
"216","Bunschoten","debunschoter.nl","lokaal","cda","cda",17
"217","Bunschoten","debunschoter.nl","lokaal","cu","cu",23
"218","Bunschoten","debunschoter.nl","lokaal","lokaal","cap",29
"219","Bunschoten","debunschoter.nl","lokaal","lokaal","svp",26
"220","Bunschoten","debunschoter.nl","lokaal","sgp","sgp",36
"221","Bunschoten","debunschoter.nl","lokaal","vvd","vvd",21
"222","Bunschoten","gooieneemlander.nl","lokaal","cda","cda",84
"223","Bunschoten","gooieneemlander.nl","lokaal","cu","cu",86
"224","Bunschoten","gooieneemlander.nl","lokaal","sgp","sgp",40
"225","Bunschoten","gooieneemlander.nl","lokaal","vvd","vvd",104
"226","Bunschoten","rtvbunschoten.nl","lokaal","cda","cda",9
"227","Bunschoten","rtvbunschoten.nl","lokaal","cu","cu",5
"228","Bunschoten","rtvbunschoten.nl","lokaal","sgp","sgp",5
"229","Bunschoten","rtvbunschoten.nl","lokaal","vvd","vvd",4
"230","Bunschoten","rtvutrecht.nl","lokaal","cda","cda",123
"231","Bunschoten","rtvutrecht.nl","lokaal","cu","cu",112
"232","Bunschoten","rtvutrecht.nl","lokaal","lokaal","cap",14
"233","Bunschoten","rtvutrecht.nl","lokaal","lokaal","svp",7
"234","Bunschoten","rtvutrecht.nl","lokaal","sgp","sgp",95
"235","Bunschoten","rtvutrecht.nl","lokaal","vvd","vvd",233
"236","Enschede","De Twentsche Courant Tubantia","regionaal","cda","cda",1045
"237","Enschede","De Twentsche Courant Tubantia","regionaal","cu","cu",361
"238","Enschede","De Twentsche Courant Tubantia","regionaal","d66","d66",652
"239","Enschede","De Twentsche Courant Tubantia","regionaal","denk","denk",880
"240","Enschede","De Twentsche Courant Tubantia","regionaal","gl","gl",520
"241","Enschede","De Twentsche Courant Tubantia","regionaal","lokaal","bbe",136
"242","Enschede","De Twentsche Courant Tubantia","regionaal","lokaal","dpe",45
"243","Enschede","De Twentsche Courant Tubantia","regionaal","lokaal","ea",36
"244","Enschede","De Twentsche Courant Tubantia","regionaal","lokaal","liberaal053",51
"245","Enschede","De Twentsche Courant Tubantia","regionaal","lokaal","opa",197
"246","Enschede","De Twentsche Courant Tubantia","regionaal","pvda","pvda",659
"247","Enschede","De Twentsche Courant Tubantia","regionaal","pvv","pvv",562
"248","Enschede","De Twentsche Courant Tubantia","regionaal","sp","sp",272
"249","Enschede","De Twentsche Courant Tubantia","regionaal","vvd","vvd",799
"250","Enschede","fmenschede.nl","lokaal","cda","cda",69
"251","Enschede","fmenschede.nl","lokaal","cu","cu",72
"252","Enschede","fmenschede.nl","lokaal","d66","d66",80
"253","Enschede","fmenschede.nl","lokaal","denk","denk",138
"254","Enschede","fmenschede.nl","lokaal","gl","gl",74
"255","Enschede","fmenschede.nl","lokaal","lokaal","bbe",58
"256","Enschede","fmenschede.nl","lokaal","lokaal","dpe",5
"257","Enschede","fmenschede.nl","lokaal","lokaal","ea",16
"258","Enschede","fmenschede.nl","lokaal","lokaal","liberaal053",14
"259","Enschede","fmenschede.nl","lokaal","lokaal","opa",43
"260","Enschede","fmenschede.nl","lokaal","pvda","pvda",75
"261","Enschede","fmenschede.nl","lokaal","pvv","pvv",39
"262","Enschede","fmenschede.nl","lokaal","sp","sp",40
"263","Enschede","fmenschede.nl","lokaal","vvd","vvd",41
"264","Enschede","huisaanhuisenschede.nl","lokaal","cda","cda",2
"265","Enschede","huisaanhuisenschede.nl","lokaal","cu","cu",33
"266","Enschede","huisaanhuisenschede.nl","lokaal","d66","d66",5
"267","Enschede","huisaanhuisenschede.nl","lokaal","denk","denk",10
"268","Enschede","huisaanhuisenschede.nl","lokaal","gl","gl",5
"269","Enschede","huisaanhuisenschede.nl","lokaal","lokaal","bbe",5
"270","Enschede","huisaanhuisenschede.nl","lokaal","lokaal","dpe",1
"271","Enschede","huisaanhuisenschede.nl","lokaal","lokaal","liberaal053",1
"272","Enschede","huisaanhuisenschede.nl","lokaal","lokaal","opa",3
"273","Enschede","huisaanhuisenschede.nl","lokaal","pvda","pvda",6
"274","Enschede","huisaanhuisenschede.nl","lokaal","pvv","pvv",9
"275","Enschede","huisaanhuisenschede.nl","lokaal","sp","sp",1
"276","Enschede","huisaanhuisenschede.nl","lokaal","vvd","vvd",7
"277","Enschede","indebuurtenschede.nl","lokaal","cda","cda",25
"278","Enschede","indebuurtenschede.nl","lokaal","cu","cu",46
"279","Enschede","indebuurtenschede.nl","lokaal","d66","d66",24
"280","Enschede","indebuurtenschede.nl","lokaal","denk","denk",27
"281","Enschede","indebuurtenschede.nl","lokaal","gl","gl",77
"282","Enschede","indebuurtenschede.nl","lokaal","lokaal","bbe",63
"283","Enschede","indebuurtenschede.nl","lokaal","lokaal","dpe",43
"284","Enschede","indebuurtenschede.nl","lokaal","lokaal","ea",4
"285","Enschede","indebuurtenschede.nl","lokaal","lokaal","liberaal053",27
"286","Enschede","indebuurtenschede.nl","lokaal","lokaal","opa",59
"287","Enschede","indebuurtenschede.nl","lokaal","pvda","pvda",86
"288","Enschede","indebuurtenschede.nl","lokaal","pvv","pvv",9
"289","Enschede","indebuurtenschede.nl","lokaal","sp","sp",8
"290","Enschede","indebuurtenschede.nl","lokaal","vvd","vvd",8
"291","Enschede","rtvoost.nl","lokaal","cda","cda",284
"292","Enschede","rtvoost.nl","lokaal","cu","cu",144
"293","Enschede","rtvoost.nl","lokaal","d66","d66",231
"294","Enschede","rtvoost.nl","lokaal","denk","denk",114
"295","Enschede","rtvoost.nl","lokaal","gl","gl",122
"296","Enschede","rtvoost.nl","lokaal","lokaal","bbe",23
"297","Enschede","rtvoost.nl","lokaal","lokaal","dpe",1
"298","Enschede","rtvoost.nl","lokaal","lokaal","ea",6
"299","Enschede","rtvoost.nl","lokaal","lokaal","liberaal053",1
"300","Enschede","rtvoost.nl","lokaal","pvda","pvda",171
"301","Enschede","rtvoost.nl","lokaal","pvv","pvv",51
"302","Enschede","rtvoost.nl","lokaal","sp","sp",67
"303","Enschede","rtvoost.nl","lokaal","vvd","vvd",133
"304","Enschede","tubantia.nl","lokaal","cda","cda",315
"305","Enschede","tubantia.nl","lokaal","cu","cu",146
"306","Enschede","tubantia.nl","lokaal","d66","d66",310
"307","Enschede","tubantia.nl","lokaal","denk","denk",288
"308","Enschede","tubantia.nl","lokaal","gl","gl",217
"309","Enschede","tubantia.nl","lokaal","lokaal","bbe",17
"310","Enschede","tubantia.nl","lokaal","lokaal","dpe",10
"311","Enschede","tubantia.nl","lokaal","lokaal","ea",2
"312","Enschede","tubantia.nl","lokaal","lokaal","liberaal053",1
"313","Enschede","tubantia.nl","lokaal","lokaal","opa",13
"314","Enschede","tubantia.nl","lokaal","pvda","pvda",304
"315","Enschede","tubantia.nl","lokaal","pvv","pvv",206
"316","Enschede","tubantia.nl","lokaal","sp","sp",167
"317","Enschede","tubantia.nl","lokaal","vvd","vvd",362
"318","Landelijk","Algemeen Dagblad","lokaal","cda","cda",166
"319","Landelijk","Algemeen Dagblad","lokaal","cu","cu",18
"320","Landelijk","Algemeen Dagblad","lokaal","d66","d66",239
"321","Landelijk","Algemeen Dagblad","lokaal","denk","denk",32
"322","Landelijk","Algemeen Dagblad","lokaal","fvd","fvd",124
"323","Landelijk","Algemeen Dagblad","lokaal","gl","gl",167
"324","Landelijk","Algemeen Dagblad","lokaal","plus50","plus50",45
"325","Landelijk","Algemeen Dagblad","lokaal","pvda","pvda",213
"326","Landelijk","Algemeen Dagblad","lokaal","pvdd","pvdd",13
"327","Landelijk","Algemeen Dagblad","lokaal","pvv","pvv",138
"328","Landelijk","Algemeen Dagblad","lokaal","sgp","sgp",30
"329","Landelijk","Algemeen Dagblad","lokaal","sp","sp",98
"330","Landelijk","Algemeen Dagblad","lokaal","vvd","vvd",425
"331","Landelijk","bnr.nl","lokaal","cda","cda",31
"332","Landelijk","bnr.nl","lokaal","d66","d66",18
"333","Landelijk","bnr.nl","lokaal","denk","denk",1
"334","Landelijk","bnr.nl","lokaal","fvd","fvd",10
"335","Landelijk","bnr.nl","lokaal","gl","gl",51
"336","Landelijk","bnr.nl","lokaal","plus50","plus50",1
"337","Landelijk","bnr.nl","lokaal","pvda","pvda",9
"338","Landelijk","bnr.nl","lokaal","pvdd","pvdd",4
"339","Landelijk","bnr.nl","lokaal","pvv","pvv",9
"340","Landelijk","bnr.nl","lokaal","sgp","sgp",4
"341","Landelijk","bnr.nl","lokaal","sp","sp",11
"342","Landelijk","bnr.nl","lokaal","vvd","vvd",59
"343","Landelijk","De Telegraaf","lokaal","cda","cda",357
"344","Landelijk","De Telegraaf","lokaal","cu","cu",51
"345","Landelijk","De Telegraaf","lokaal","d66","d66",673
"346","Landelijk","De Telegraaf","lokaal","denk","denk",25
"347","Landelijk","De Telegraaf","lokaal","fvd","fvd",213
"348","Landelijk","De Telegraaf","lokaal","gl","gl",328
"349","Landelijk","De Telegraaf","lokaal","plus50","plus50",57
"350","Landelijk","De Telegraaf","lokaal","pvda","pvda",445
"351","Landelijk","De Telegraaf","lokaal","pvdd","pvdd",16
"352","Landelijk","De Telegraaf","lokaal","pvv","pvv",219
"353","Landelijk","De Telegraaf","lokaal","sgp","sgp",57
"354","Landelijk","De Telegraaf","lokaal","sp","sp",217
"355","Landelijk","De Telegraaf","lokaal","vvd","vvd",750
"356","Landelijk","De Volkskrant","lokaal","cda","cda",282
"357","Landelijk","De Volkskrant","lokaal","cu","cu",35
"358","Landelijk","De Volkskrant","lokaal","d66","d66",510
"359","Landelijk","De Volkskrant","lokaal","denk","denk",21
"360","Landelijk","De Volkskrant","lokaal","fvd","fvd",380
"361","Landelijk","De Volkskrant","lokaal","gl","gl",316
"362","Landelijk","De Volkskrant","lokaal","plus50","plus50",52
"363","Landelijk","De Volkskrant","lokaal","pvda","pvda",356
"364","Landelijk","De Volkskrant","lokaal","pvdd","pvdd",17
"365","Landelijk","De Volkskrant","lokaal","pvv","pvv",317
"366","Landelijk","De Volkskrant","lokaal","sgp","sgp",75
"367","Landelijk","De Volkskrant","lokaal","sp","sp",218
"368","Landelijk","De Volkskrant","lokaal","vvd","vvd",782
"369","Landelijk","geenstijl.nl","lokaal","cda","cda",13
"370","Landelijk","geenstijl.nl","lokaal","cu","cu",1
"371","Landelijk","geenstijl.nl","lokaal","d66","d66",75
"372","Landelijk","geenstijl.nl","lokaal","denk","denk",6
"373","Landelijk","geenstijl.nl","lokaal","fvd","fvd",38
"374","Landelijk","geenstijl.nl","lokaal","gl","gl",63
"375","Landelijk","geenstijl.nl","lokaal","plus50","plus50",1
"376","Landelijk","geenstijl.nl","lokaal","pvda","pvda",21
"377","Landelijk","geenstijl.nl","lokaal","pvdd","pvdd",1
"378","Landelijk","geenstijl.nl","lokaal","pvv","pvv",27
"379","Landelijk","geenstijl.nl","lokaal","sgp","sgp",1
"380","Landelijk","geenstijl.nl","lokaal","sp","sp",19
"381","Landelijk","geenstijl.nl","lokaal","vvd","vvd",20
"382","Landelijk","hartvannederland.nl","lokaal","cda","cda",38
"383","Landelijk","hartvannederland.nl","lokaal","cu","cu",4
"384","Landelijk","hartvannederland.nl","lokaal","d66","d66",40
"385","Landelijk","hartvannederland.nl","lokaal","fvd","fvd",39
"386","Landelijk","hartvannederland.nl","lokaal","gl","gl",25
"387","Landelijk","hartvannederland.nl","lokaal","plus50","plus50",2
"388","Landelijk","hartvannederland.nl","lokaal","pvda","pvda",46
"389","Landelijk","hartvannederland.nl","lokaal","pvdd","pvdd",1
"390","Landelijk","hartvannederland.nl","lokaal","pvv","pvv",59
"391","Landelijk","hartvannederland.nl","lokaal","sgp","sgp",11
"392","Landelijk","hartvannederland.nl","lokaal","sp","sp",13
"393","Landelijk","hartvannederland.nl","lokaal","vvd","vvd",73
"394","Landelijk","lindanieuws.nl","lokaal","cda","cda",2
"395","Landelijk","lindanieuws.nl","lokaal","d66","d66",7
"396","Landelijk","lindanieuws.nl","lokaal","fvd","fvd",14
"397","Landelijk","lindanieuws.nl","lokaal","gl","gl",20
"398","Landelijk","lindanieuws.nl","lokaal","plus50","plus50",1
"399","Landelijk","lindanieuws.nl","lokaal","pvda","pvda",8
"400","Landelijk","lindanieuws.nl","lokaal","pvdd","pvdd",3
"401","Landelijk","lindanieuws.nl","lokaal","pvv","pvv",11
"402","Landelijk","lindanieuws.nl","lokaal","sp","sp",7
"403","Landelijk","lindanieuws.nl","lokaal","vvd","vvd",30
"404","Landelijk","Metro","lokaal","cda","cda",47
"405","Landelijk","Metro","lokaal","cu","cu",11
"406","Landelijk","Metro","lokaal","d66","d66",60
"407","Landelijk","Metro","lokaal","denk","denk",1
"408","Landelijk","Metro","lokaal","fvd","fvd",37
"409","Landelijk","Metro","lokaal","gl","gl",44
"410","Landelijk","Metro","lokaal","plus50","plus50",20
"411","Landelijk","Metro","lokaal","pvda","pvda",62
"412","Landelijk","Metro","lokaal","pvdd","pvdd",1
"413","Landelijk","Metro","lokaal","pvv","pvv",59
"414","Landelijk","Metro","lokaal","sgp","sgp",25
"415","Landelijk","Metro","lokaal","sp","sp",22
"416","Landelijk","Metro","lokaal","vvd","vvd",104
"417","Landelijk","metronieuws.nl","lokaal","cda","cda",7
"418","Landelijk","metronieuws.nl","lokaal","d66","d66",26
"419","Landelijk","metronieuws.nl","lokaal","fvd","fvd",44
"420","Landelijk","metronieuws.nl","lokaal","gl","gl",22
"421","Landelijk","metronieuws.nl","lokaal","plus50","plus50",12
"422","Landelijk","metronieuws.nl","lokaal","pvda","pvda",31
"423","Landelijk","metronieuws.nl","lokaal","pvdd","pvdd",6
"424","Landelijk","metronieuws.nl","lokaal","pvv","pvv",37
"425","Landelijk","metronieuws.nl","lokaal","sgp","sgp",5
"426","Landelijk","metronieuws.nl","lokaal","sp","sp",8
"427","Landelijk","metronieuws.nl","lokaal","vvd","vvd",40
"428","Landelijk","nos.nl","lokaal","cda","cda",107
"429","Landelijk","nos.nl","lokaal","cu","cu",26
"430","Landelijk","nos.nl","lokaal","d66","d66",130
"431","Landelijk","nos.nl","lokaal","denk","denk",16
"432","Landelijk","nos.nl","lokaal","fvd","fvd",95
"433","Landelijk","nos.nl","lokaal","gl","gl",191
"434","Landelijk","nos.nl","lokaal","plus50","plus50",22
"435","Landelijk","nos.nl","lokaal","pvda","pvda",147
"436","Landelijk","nos.nl","lokaal","pvdd","pvdd",17
"437","Landelijk","nos.nl","lokaal","pvv","pvv",154
"438","Landelijk","nos.nl","lokaal","sgp","sgp",33
"439","Landelijk","nos.nl","lokaal","sp","sp",107
"440","Landelijk","nos.nl","lokaal","vvd","vvd",197
"441","Landelijk","nporadio1.nl","lokaal","cda","cda",44
"442","Landelijk","nporadio1.nl","lokaal","cu","cu",7
"443","Landelijk","nporadio1.nl","lokaal","d66","d66",24
"444","Landelijk","nporadio1.nl","lokaal","denk","denk",5
"445","Landelijk","nporadio1.nl","lokaal","fvd","fvd",24
"446","Landelijk","nporadio1.nl","lokaal","gl","gl",55
"447","Landelijk","nporadio1.nl","lokaal","plus50","plus50",1
"448","Landelijk","nporadio1.nl","lokaal","pvda","pvda",37
"449","Landelijk","nporadio1.nl","lokaal","pvdd","pvdd",1
"450","Landelijk","nporadio1.nl","lokaal","pvv","pvv",20
"451","Landelijk","nporadio1.nl","lokaal","sp","sp",38
"452","Landelijk","nporadio1.nl","lokaal","vvd","vvd",45
"453","Landelijk","NRC Handelsblad","lokaal","cda","cda",485
"454","Landelijk","NRC Handelsblad","lokaal","cu","cu",42
"455","Landelijk","NRC Handelsblad","lokaal","d66","d66",747
"456","Landelijk","NRC Handelsblad","lokaal","denk","denk",42
"457","Landelijk","NRC Handelsblad","lokaal","fvd","fvd",457
"458","Landelijk","NRC Handelsblad","lokaal","gl","gl",374
"459","Landelijk","NRC Handelsblad","lokaal","plus50","plus50",19
"460","Landelijk","NRC Handelsblad","lokaal","pvda","pvda",502
"461","Landelijk","NRC Handelsblad","lokaal","pvdd","pvdd",9
"462","Landelijk","NRC Handelsblad","lokaal","pvv","pvv",628
"463","Landelijk","NRC Handelsblad","lokaal","sgp","sgp",39
"464","Landelijk","NRC Handelsblad","lokaal","sp","sp",264
"465","Landelijk","NRC Handelsblad","lokaal","vvd","vvd",1104
"466","Landelijk","nrc.nl","lokaal","cda","cda",145
"467","Landelijk","nrc.nl","lokaal","cu","cu",15
"468","Landelijk","nrc.nl","lokaal","d66","d66",266
"469","Landelijk","nrc.nl","lokaal","denk","denk",23
"470","Landelijk","nrc.nl","lokaal","fvd","fvd",147
"471","Landelijk","nrc.nl","lokaal","gl","gl",240
"472","Landelijk","nrc.nl","lokaal","plus50","plus50",16
"473","Landelijk","nrc.nl","lokaal","pvda","pvda",219
"474","Landelijk","nrc.nl","lokaal","pvdd","pvdd",29
"475","Landelijk","nrc.nl","lokaal","pvv","pvv",224
"476","Landelijk","nrc.nl","lokaal","sgp","sgp",13
"477","Landelijk","nrc.nl","lokaal","sp","sp",154
"478","Landelijk","nrc.nl","lokaal","vvd","vvd",398
"479","Landelijk","nu.nl","lokaal","cda","cda",161
"480","Landelijk","nu.nl","lokaal","cu","cu",13
"481","Landelijk","nu.nl","lokaal","d66","d66",136
"482","Landelijk","nu.nl","lokaal","denk","denk",25
"483","Landelijk","nu.nl","lokaal","fvd","fvd",76
"484","Landelijk","nu.nl","lokaal","gl","gl",171
"485","Landelijk","nu.nl","lokaal","plus50","plus50",17
"486","Landelijk","nu.nl","lokaal","pvda","pvda",147
"487","Landelijk","nu.nl","lokaal","pvdd","pvdd",13
"488","Landelijk","nu.nl","lokaal","pvv","pvv",90
"489","Landelijk","nu.nl","lokaal","sgp","sgp",20
"490","Landelijk","nu.nl","lokaal","sp","sp",172
"491","Landelijk","nu.nl","lokaal","vvd","vvd",221
"492","Landelijk","rtlnieuws.nl","lokaal","cda","cda",47
"493","Landelijk","rtlnieuws.nl","lokaal","cu","cu",11
"494","Landelijk","rtlnieuws.nl","lokaal","d66","d66",102
"495","Landelijk","rtlnieuws.nl","lokaal","denk","denk",3
"496","Landelijk","rtlnieuws.nl","lokaal","fvd","fvd",120
"497","Landelijk","rtlnieuws.nl","lokaal","gl","gl",78
"498","Landelijk","rtlnieuws.nl","lokaal","plus50","plus50",5
"499","Landelijk","rtlnieuws.nl","lokaal","pvda","pvda",47
"500","Landelijk","rtlnieuws.nl","lokaal","pvdd","pvdd",2
"501","Landelijk","rtlnieuws.nl","lokaal","pvv","pvv",87
"502","Landelijk","rtlnieuws.nl","lokaal","sgp","sgp",10
"503","Landelijk","rtlnieuws.nl","lokaal","sp","sp",30
"504","Landelijk","rtlnieuws.nl","lokaal","vvd","vvd",122
"505","Landelijk","telegraaf.nl","lokaal","cda","cda",127
"506","Landelijk","telegraaf.nl","lokaal","cu","cu",29
"507","Landelijk","telegraaf.nl","lokaal","d66","d66",207
"508","Landelijk","telegraaf.nl","lokaal","denk","denk",3
"509","Landelijk","telegraaf.nl","lokaal","fvd","fvd",155
"510","Landelijk","telegraaf.nl","lokaal","gl","gl",142
"511","Landelijk","telegraaf.nl","lokaal","plus50","plus50",17
"512","Landelijk","telegraaf.nl","lokaal","pvda","pvda",113
"513","Landelijk","telegraaf.nl","lokaal","pvdd","pvdd",14
"514","Landelijk","telegraaf.nl","lokaal","pvv","pvv",231
"515","Landelijk","telegraaf.nl","lokaal","sgp","sgp",17
"516","Landelijk","telegraaf.nl","lokaal","sp","sp",86
"517","Landelijk","telegraaf.nl","lokaal","vvd","vvd",246
"518","Landelijk","Trouw","lokaal","cda","cda",408
"519","Landelijk","Trouw","lokaal","cu","cu",29
"520","Landelijk","Trouw","lokaal","d66","d66",507
"521","Landelijk","Trouw","lokaal","denk","denk",33
"522","Landelijk","Trouw","lokaal","fvd","fvd",199
"523","Landelijk","Trouw","lokaal","gl","gl",234
"524","Landelijk","Trouw","lokaal","plus50","plus50",21
"525","Landelijk","Trouw","lokaal","pvda","pvda",430
"526","Landelijk","Trouw","lokaal","pvdd","pvdd",18
"527","Landelijk","Trouw","lokaal","pvv","pvv",317
"528","Landelijk","Trouw","lokaal","sgp","sgp",67
"529","Landelijk","Trouw","lokaal","sp","sp",191
"530","Landelijk","Trouw","lokaal","vvd","vvd",562
"531","Landelijk","trouw.nl","lokaal","cda","cda",129
"532","Landelijk","trouw.nl","lokaal","cu","cu",12
"533","Landelijk","trouw.nl","lokaal","d66","d66",210
"534","Landelijk","trouw.nl","lokaal","denk","denk",7
"535","Landelijk","trouw.nl","lokaal","fvd","fvd",77
"536","Landelijk","trouw.nl","lokaal","gl","gl",73
"537","Landelijk","trouw.nl","lokaal","plus50","plus50",5
"538","Landelijk","trouw.nl","lokaal","pvda","pvda",90
"539","Landelijk","trouw.nl","lokaal","pvdd","pvdd",13
"540","Landelijk","trouw.nl","lokaal","pvv","pvv",169
"541","Landelijk","trouw.nl","lokaal","sgp","sgp",21
"542","Landelijk","trouw.nl","lokaal","sp","sp",61
"543","Landelijk","trouw.nl","lokaal","vvd","vvd",154
"544","Landelijk","volkskrant.nl","lokaal","cda","cda",142
"545","Landelijk","volkskrant.nl","lokaal","cu","cu",13
"546","Landelijk","volkskrant.nl","lokaal","d66","d66",330
"547","Landelijk","volkskrant.nl","lokaal","denk","denk",15
"548","Landelijk","volkskrant.nl","lokaal","fvd","fvd",254
"549","Landelijk","volkskrant.nl","lokaal","gl","gl",174
"550","Landelijk","volkskrant.nl","lokaal","plus50","plus50",10
"551","Landelijk","volkskrant.nl","lokaal","pvda","pvda",148
"552","Landelijk","volkskrant.nl","lokaal","pvdd","pvdd",30
"553","Landelijk","volkskrant.nl","lokaal","pvv","pvv",182
"554","Landelijk","volkskrant.nl","lokaal","sgp","sgp",23
"555","Landelijk","volkskrant.nl","lokaal","sp","sp",94
"556","Landelijk","volkskrant.nl","lokaal","vvd","vvd",375
"557","Langedijk","langedijkcentraal.nl","lokaal","cda","cda",2
"558","Langedijk","langedijkcentraal.nl","lokaal","cu","cu",2
"559","Langedijk","langedijkcentraal.nl","lokaal","gl","gl",4
"560","Langedijk","langedijkcentraal.nl","lokaal","lokaal","dorpsbelang",4
"561","Langedijk","langedijkcentraal.nl","lokaal","lokaal","hvld66",8
"562","Langedijk","langedijkcentraal.nl","lokaal","lokaal","kleurrijk",8
"563","Langedijk","langedijkcentraal.nl","lokaal","lokaal","seniorenl",6
"564","Langedijk","langedijkcentraal.nl","lokaal","pvda","pvda",16
"565","Langedijk","langedijkcentraal.nl","lokaal","vvd","vvd",37
"566","Langedijk","Langedijker Nieuwsblad","lokaal","cda","cda",3
"567","Langedijk","Langedijker Nieuwsblad","lokaal","cu","cu",10
"568","Langedijk","Langedijker Nieuwsblad","lokaal","gl","gl",2
"569","Langedijk","Langedijker Nieuwsblad","lokaal","lokaal","dorpsbelang",5
"570","Langedijk","Langedijker Nieuwsblad","lokaal","lokaal","hvld66",20
"571","Langedijk","Langedijker Nieuwsblad","lokaal","lokaal","kleurrijk",14
"572","Langedijk","Langedijker Nieuwsblad","lokaal","lokaal","seniorenl",10
"573","Langedijk","Langedijker Nieuwsblad","lokaal","pvda","pvda",12
"574","Langedijk","Langedijker Nieuwsblad","lokaal","vvd","vvd",21
"575","Langedijk","langedijkerdagblad.nl","lokaal","cda","cda",4
"576","Langedijk","langedijkerdagblad.nl","lokaal","cu","cu",4
"577","Langedijk","langedijkerdagblad.nl","lokaal","gl","gl",5
"578","Langedijk","langedijkerdagblad.nl","lokaal","lokaal","dorpsbelang",7
"579","Langedijk","langedijkerdagblad.nl","lokaal","lokaal","hvld66",22
"580","Langedijk","langedijkerdagblad.nl","lokaal","lokaal","kleurrijk",8
"581","Langedijk","langedijkerdagblad.nl","lokaal","lokaal","seniorenl",4
"582","Langedijk","langedijkerdagblad.nl","lokaal","pvda","pvda",6
"583","Langedijk","langedijkerdagblad.nl","lokaal","vvd","vvd",31
"584","Langedijk","langedijkernieuwsblad.nl","lokaal","cu","cu",11
"585","Langedijk","langedijkernieuwsblad.nl","lokaal","lokaal","dorpsbelang",1
"586","Langedijk","langedijkernieuwsblad.nl","lokaal","lokaal","kleurrijk",9
"587","Langedijk","langedijkernieuwsblad.nl","lokaal","lokaal","seniorenl",9
"588","Langedijk","langedijkernieuwsblad.nl","lokaal","pvda","pvda",3
"589","Langedijk","langedijkernieuwsblad.nl","lokaal","vvd","vvd",24
"590","Langedijk","Noordhollands Dagblad","regionaal","cda","cda",810
"591","Langedijk","Noordhollands Dagblad","regionaal","cu","cu",178
"592","Langedijk","Noordhollands Dagblad","regionaal","gl","gl",586
"593","Langedijk","Noordhollands Dagblad","regionaal","lokaal","dorpsbelang",29
"594","Langedijk","Noordhollands Dagblad","regionaal","lokaal","hvld66",38
"595","Langedijk","Noordhollands Dagblad","regionaal","lokaal","kleurrijk",34
"596","Langedijk","Noordhollands Dagblad","regionaal","lokaal","seniorenl",1
"597","Langedijk","Noordhollands Dagblad","regionaal","pvda","pvda",847
"598","Langedijk","Noordhollands Dagblad","regionaal","vvd","vvd",1062
"599","Langedijk","noordhollandsdagblad.nl","lokaal","cda","cda",211
"600","Langedijk","noordhollandsdagblad.nl","lokaal","cu","cu",89
"601","Langedijk","noordhollandsdagblad.nl","lokaal","gl","gl",138
"602","Langedijk","noordhollandsdagblad.nl","lokaal","lokaal","dorpsbelang",2
"603","Langedijk","noordhollandsdagblad.nl","lokaal","lokaal","kleurrijk",3
"604","Langedijk","noordhollandsdagblad.nl","lokaal","pvda","pvda",233
"605","Langedijk","noordhollandsdagblad.nl","lokaal","vvd","vvd",315
"606","Nijmegen","brugnijmegen.nl","lokaal","cda","cda",18
"607","Nijmegen","brugnijmegen.nl","lokaal","cu","cu",13
"608","Nijmegen","brugnijmegen.nl","lokaal","d66","d66",65
"609","Nijmegen","brugnijmegen.nl","lokaal","gl","gl",38
"610","Nijmegen","brugnijmegen.nl","lokaal","lokaal","gewoonnijmegen",4
"611","Nijmegen","brugnijmegen.nl","lokaal","lokaal","opa",11
"612","Nijmegen","brugnijmegen.nl","lokaal","lokaal","ouderenbelangen",1
"613","Nijmegen","brugnijmegen.nl","lokaal","lokaal","sdnf",16
"614","Nijmegen","brugnijmegen.nl","lokaal","lokaal","voornijmegen",13
"615","Nijmegen","brugnijmegen.nl","lokaal","plus50","plus50",14
"616","Nijmegen","brugnijmegen.nl","lokaal","pvda","pvda",141
"617","Nijmegen","brugnijmegen.nl","lokaal","pvdd","pvdd",17
"618","Nijmegen","brugnijmegen.nl","lokaal","sp","sp",46
"619","Nijmegen","brugnijmegen.nl","lokaal","vvd","vvd",35
"620","Nijmegen","De Gelderlander","regionaal","cda","cda",1077
"621","Nijmegen","De Gelderlander","regionaal","cu","cu",256
"622","Nijmegen","De Gelderlander","regionaal","d66","d66",864
"623","Nijmegen","De Gelderlander","regionaal","gl","gl",706
"624","Nijmegen","De Gelderlander","regionaal","lokaal","bij1",2
"625","Nijmegen","De Gelderlander","regionaal","lokaal","gewoonnijmegen",30
"626","Nijmegen","De Gelderlander","regionaal","lokaal","opa",325
"627","Nijmegen","De Gelderlander","regionaal","lokaal","ouderenbelangen",10
"628","Nijmegen","De Gelderlander","regionaal","lokaal","sdnf",47
"629","Nijmegen","De Gelderlander","regionaal","lokaal","voornijmegen",63
"630","Nijmegen","De Gelderlander","regionaal","plus50","plus50",59
"631","Nijmegen","De Gelderlander","regionaal","pvda","pvda",824
"632","Nijmegen","De Gelderlander","regionaal","pvdd","pvdd",136
"633","Nijmegen","De Gelderlander","regionaal","sp","sp",506
"634","Nijmegen","De Gelderlander","regionaal","vvd","vvd",1088
"635","Nijmegen","gelderlander.nl","lokaal","cda","cda",439
"636","Nijmegen","gelderlander.nl","lokaal","cu","cu",119
"637","Nijmegen","gelderlander.nl","lokaal","d66","d66",411
"638","Nijmegen","gelderlander.nl","lokaal","gl","gl",237
"639","Nijmegen","gelderlander.nl","lokaal","lokaal","bij1",1
"640","Nijmegen","gelderlander.nl","lokaal","lokaal","gewoonnijmegen",12
"641","Nijmegen","gelderlander.nl","lokaal","lokaal","opa",71
"642","Nijmegen","gelderlander.nl","lokaal","lokaal","ouderenbelangen",1
"643","Nijmegen","gelderlander.nl","lokaal","lokaal","sdnf",8
"644","Nijmegen","gelderlander.nl","lokaal","lokaal","voornijmegen",16
"645","Nijmegen","gelderlander.nl","lokaal","plus50","plus50",28
"646","Nijmegen","gelderlander.nl","lokaal","pvda","pvda",325
"647","Nijmegen","gelderlander.nl","lokaal","pvdd","pvdd",50
"648","Nijmegen","gelderlander.nl","lokaal","sp","sp",169
"649","Nijmegen","gelderlander.nl","lokaal","vvd","vvd",468
"650","Nijmegen","indebuurtnijmegen.nl","lokaal","cda","cda",6
"651","Nijmegen","indebuurtnijmegen.nl","lokaal","cu","cu",3
"652","Nijmegen","indebuurtnijmegen.nl","lokaal","d66","d66",10
"653","Nijmegen","indebuurtnijmegen.nl","lokaal","gl","gl",10
"654","Nijmegen","indebuurtnijmegen.nl","lokaal","lokaal","gewoonnijmegen",11
"655","Nijmegen","indebuurtnijmegen.nl","lokaal","lokaal","opa",14
"656","Nijmegen","indebuurtnijmegen.nl","lokaal","lokaal","ouderenbelangen",2
"657","Nijmegen","indebuurtnijmegen.nl","lokaal","lokaal","sdnf",24
"658","Nijmegen","indebuurtnijmegen.nl","lokaal","lokaal","voornijmegen",124
"659","Nijmegen","indebuurtnijmegen.nl","lokaal","plus50","plus50",3
"660","Nijmegen","indebuurtnijmegen.nl","lokaal","pvda","pvda",8
"661","Nijmegen","indebuurtnijmegen.nl","lokaal","pvdd","pvdd",3
"662","Nijmegen","indebuurtnijmegen.nl","lokaal","sp","sp",8
"663","Nijmegen","indebuurtnijmegen.nl","lokaal","vvd","vvd",6
"664","Nijmegen","nieuwsuitnijmegen.nl","lokaal","cda","cda",4
"665","Nijmegen","nieuwsuitnijmegen.nl","lokaal","cu","cu",2
"666","Nijmegen","nieuwsuitnijmegen.nl","lokaal","d66","d66",57
"667","Nijmegen","nieuwsuitnijmegen.nl","lokaal","gl","gl",5
"668","Nijmegen","nieuwsuitnijmegen.nl","lokaal","lokaal","gewoonnijmegen",5
"669","Nijmegen","nieuwsuitnijmegen.nl","lokaal","lokaal","opa",8
"670","Nijmegen","nieuwsuitnijmegen.nl","lokaal","lokaal","ouderenbelangen",2
"671","Nijmegen","nieuwsuitnijmegen.nl","lokaal","lokaal","sdnf",6
"672","Nijmegen","nieuwsuitnijmegen.nl","lokaal","lokaal","voornijmegen",5
"673","Nijmegen","nieuwsuitnijmegen.nl","lokaal","plus50","plus50",2
"674","Nijmegen","nieuwsuitnijmegen.nl","lokaal","pvda","pvda",2
"675","Nijmegen","nieuwsuitnijmegen.nl","lokaal","pvdd","pvdd",2
"676","Nijmegen","nieuwsuitnijmegen.nl","lokaal","sp","sp",8
"677","Nijmegen","nieuwsuitnijmegen.nl","lokaal","vvd","vvd",6
"678","Nijmegen","omroepgelderland.nl","lokaal","cda","cda",170
"679","Nijmegen","omroepgelderland.nl","lokaal","cu","cu",63
"680","Nijmegen","omroepgelderland.nl","lokaal","d66","d66",146
"681","Nijmegen","omroepgelderland.nl","lokaal","gl","gl",86
"682","Nijmegen","omroepgelderland.nl","lokaal","lokaal","bij1",1
"683","Nijmegen","omroepgelderland.nl","lokaal","lokaal","gewoonnijmegen",15
"684","Nijmegen","omroepgelderland.nl","lokaal","lokaal","opa",64
"685","Nijmegen","omroepgelderland.nl","lokaal","lokaal","ouderenbelangen",4
"686","Nijmegen","omroepgelderland.nl","lokaal","lokaal","sdnf",2
"687","Nijmegen","omroepgelderland.nl","lokaal","lokaal","voornijmegen",6
"688","Nijmegen","omroepgelderland.nl","lokaal","plus50","plus50",4
"689","Nijmegen","omroepgelderland.nl","lokaal","pvda","pvda",112
"690","Nijmegen","omroepgelderland.nl","lokaal","pvdd","pvdd",27
"691","Nijmegen","omroepgelderland.nl","lokaal","sp","sp",103
"692","Nijmegen","omroepgelderland.nl","lokaal","vvd","vvd",186
"693","Nijmegen","rn7.nl","lokaal","cda","cda",99
"694","Nijmegen","rn7.nl","lokaal","d66","d66",111
"695","Nijmegen","rn7.nl","lokaal","gl","gl",96
"696","Nijmegen","rn7.nl","lokaal","lokaal","gewoonnijmegen",34
"697","Nijmegen","rn7.nl","lokaal","lokaal","opa",22
"698","Nijmegen","rn7.nl","lokaal","lokaal","ouderenbelangen",2
"699","Nijmegen","rn7.nl","lokaal","lokaal","sdnf",26
"700","Nijmegen","rn7.nl","lokaal","lokaal","voornijmegen",17
"701","Nijmegen","rn7.nl","lokaal","plus50","plus50",21
"702","Nijmegen","rn7.nl","lokaal","pvda","pvda",65
"703","Nijmegen","rn7.nl","lokaal","pvdd","pvdd",46
"704","Nijmegen","rn7.nl","lokaal","sp","sp",83
"705","Nijmegen","rn7.nl","lokaal","vvd","vvd",120
"706","Roermond","1limburg.nl","lokaal","cda","cda",269
"707","Roermond","1limburg.nl","lokaal","d66","d66",99
"708","Roermond","1limburg.nl","lokaal","denk","denk",76
"709","Roermond","1limburg.nl","lokaal","gl","gl",77
"710","Roermond","1limburg.nl","lokaal","lokaal","lvr",200
"711","Roermond","1limburg.nl","lokaal","lokaal","stadspartij",1
"712","Roermond","1limburg.nl","lokaal","pvda","pvda",185
"713","Roermond","1limburg.nl","lokaal","sp","sp",120
"714","Roermond","1limburg.nl","lokaal","vvd","vvd",135
"715","Roermond","Dagblad de Limburger","regionaal","cda","cda",1619
"716","Roermond","Dagblad de Limburger","regionaal","d66","d66",648
"717","Roermond","Dagblad de Limburger","regionaal","denk","denk",1236
"718","Roermond","Dagblad de Limburger","regionaal","gl","gl",488
"719","Roermond","Dagblad de Limburger","regionaal","lokaal","ds",16
"720","Roermond","Dagblad de Limburger","regionaal","lokaal","lvr",764
"721","Roermond","Dagblad de Limburger","regionaal","lokaal","pvld",37
"722","Roermond","Dagblad de Limburger","regionaal","lokaal","stadspartij",3
"723","Roermond","Dagblad de Limburger","regionaal","pvda","pvda",1193
"724","Roermond","Dagblad de Limburger","regionaal","sp","sp",597
"725","Roermond","Dagblad de Limburger","regionaal","vvd","vvd",1042
"726","Roermond","l1.nl","lokaal","cda","cda",23
"727","Roermond","l1.nl","lokaal","denk","denk",13
"728","Roermond","l1.nl","lokaal","gl","gl",8
"729","Roermond","l1.nl","lokaal","lokaal","lvr",21
"730","Roermond","l1.nl","lokaal","pvda","pvda",23
"731","Roermond","l1.nl","lokaal","sp","sp",10
"732","Roermond","l1.nl","lokaal","vvd","vvd",11
"733","Roermond","limburger.nl","lokaal","cda","cda",169
"734","Roermond","limburger.nl","lokaal","d66","d66",73
"735","Roermond","limburger.nl","lokaal","denk","denk",102
"736","Roermond","limburger.nl","lokaal","gl","gl",61
"737","Roermond","limburger.nl","lokaal","lokaal","lvr",67
"738","Roermond","limburger.nl","lokaal","lokaal","pvld",5
"739","Roermond","limburger.nl","lokaal","pvda","pvda",122
"740","Roermond","limburger.nl","lokaal","sp","sp",54
"741","Roermond","limburger.nl","lokaal","vvd","vvd",134
"742","Roermond","rtvroermond.nl","lokaal","cda","cda",2
"743","Roermond","rtvroermond.nl","lokaal","d66","d66",6
"744","Roermond","rtvroermond.nl","lokaal","denk","denk",1
"745","Roermond","rtvroermond.nl","lokaal","gl","gl",9
"746","Roermond","rtvroermond.nl","lokaal","lokaal","ds",2
"747","Roermond","rtvroermond.nl","lokaal","lokaal","lvr",7
"748","Roermond","rtvroermond.nl","lokaal","lokaal","pvld",2
"749","Roermond","rtvroermond.nl","lokaal","lokaal","stadspartij",3
"750","Roermond","rtvroermond.nl","lokaal","pvda","pvda",3
"751","Roermond","rtvroermond.nl","lokaal","sp","sp",2
"752","Roermond","rtvroermond.nl","lokaal","vvd","vvd",5
"753","Roermond","VIA Roermond","lokaal","cda","cda",1
"754","Roermond","VIA Roermond","lokaal","d66","d66",2
"755","Roermond","VIA Roermond","lokaal","denk","denk",23
"756","Roermond","VIA Roermond","lokaal","gl","gl",3
"757","Roermond","VIA Roermond","lokaal","lokaal","ds",2
"758","Roermond","VIA Roermond","lokaal","lokaal","lvr",2
"759","Roermond","VIA Roermond","lokaal","lokaal","pvld",1
"760","Roermond","VIA Roermond","lokaal","lokaal","stadspartij",3
"761","Roermond","VIA Roermond","lokaal","pvda","pvda",3
"762","Roermond","VIA Roermond","lokaal","sp","sp",2
"763","Roermond","VIA Roermond","lokaal","vvd","vvd",3
"764","Rotterdam","ad.nl/rotterdam","lokaal","cda","cda",143
"765","Rotterdam","ad.nl/rotterdam","lokaal","cu","cu",12
"766","Rotterdam","ad.nl/rotterdam","lokaal","d66","d66",132
"767","Rotterdam","ad.nl/rotterdam","lokaal","denk","denk",254
"768","Rotterdam","ad.nl/rotterdam","lokaal","gl","gl",80
"769","Rotterdam","ad.nl/rotterdam","lokaal","lokaal","babrotterdam",2
"770","Rotterdam","ad.nl/rotterdam","lokaal","lokaal","broederschapspartij",2
"771","Rotterdam","ad.nl/rotterdam","lokaal","lokaal","jezusleeft",11
"772","Rotterdam","ad.nl/rotterdam","lokaal","lokaal","jongrotterdam",2
"773","Rotterdam","ad.nl/rotterdam","lokaal","lokaal","lr",628
"774","Rotterdam","ad.nl/rotterdam","lokaal","lokaal","nida",157
"775","Rotterdam","ad.nl/rotterdam","lokaal","lokaal","nrp",3
"776","Rotterdam","ad.nl/rotterdam","lokaal","lokaal","stadsinitiatief",28
"777","Rotterdam","ad.nl/rotterdam","lokaal","plus50","plus50",9
"778","Rotterdam","ad.nl/rotterdam","lokaal","pvda","pvda",145
"779","Rotterdam","ad.nl/rotterdam","lokaal","pvdd","pvdd",13
"780","Rotterdam","ad.nl/rotterdam","lokaal","pvv","pvv",174
"781","Rotterdam","ad.nl/rotterdam","lokaal","sp","sp",91
"782","Rotterdam","ad.nl/rotterdam","lokaal","vvd","vvd",98
"783","Rotterdam","AD/Rotterdams Dagblad","regionaal","cda","cda",456
"784","Rotterdam","AD/Rotterdams Dagblad","regionaal","cu","cu",95
"785","Rotterdam","AD/Rotterdams Dagblad","regionaal","d66","d66",550
"786","Rotterdam","AD/Rotterdams Dagblad","regionaal","denk","denk",1128
"787","Rotterdam","AD/Rotterdams Dagblad","regionaal","gl","gl",352
"788","Rotterdam","AD/Rotterdams Dagblad","regionaal","lokaal","babrotterdam",14
"789","Rotterdam","AD/Rotterdams Dagblad","regionaal","lokaal","broederschapspartij",2
"790","Rotterdam","AD/Rotterdams Dagblad","regionaal","lokaal","jezusleeft",20
"791","Rotterdam","AD/Rotterdams Dagblad","regionaal","lokaal","jongrotterdam",8
"792","Rotterdam","AD/Rotterdams Dagblad","regionaal","lokaal","lr",1635
"793","Rotterdam","AD/Rotterdams Dagblad","regionaal","lokaal","nida",363
"794","Rotterdam","AD/Rotterdams Dagblad","regionaal","lokaal","nrp",5
"795","Rotterdam","AD/Rotterdams Dagblad","regionaal","lokaal","rop",5
"796","Rotterdam","AD/Rotterdams Dagblad","regionaal","lokaal","stadsinitiatief",38
"797","Rotterdam","AD/Rotterdams Dagblad","regionaal","plus50","plus50",28
"798","Rotterdam","AD/Rotterdams Dagblad","regionaal","pvda","pvda",527
"799","Rotterdam","AD/Rotterdams Dagblad","regionaal","pvdd","pvdd",54
"800","Rotterdam","AD/Rotterdams Dagblad","regionaal","pvv","pvv",414
"801","Rotterdam","AD/Rotterdams Dagblad","regionaal","sp","sp",269
"802","Rotterdam","AD/Rotterdams Dagblad","regionaal","vvd","vvd",538
"803","Rotterdam","dehavenloods.nl","lokaal","cda","cda",17
"804","Rotterdam","dehavenloods.nl","lokaal","cu","cu",2
"805","Rotterdam","dehavenloods.nl","lokaal","d66","d66",9
"806","Rotterdam","dehavenloods.nl","lokaal","denk","denk",36
"807","Rotterdam","dehavenloods.nl","lokaal","gl","gl",23
"808","Rotterdam","dehavenloods.nl","lokaal","lokaal","babrotterdam",1
"809","Rotterdam","dehavenloods.nl","lokaal","lokaal","jezusleeft",2
"810","Rotterdam","dehavenloods.nl","lokaal","lokaal","jongrotterdam",1
"811","Rotterdam","dehavenloods.nl","lokaal","lokaal","lr",35
"812","Rotterdam","dehavenloods.nl","lokaal","lokaal","nida",19
"813","Rotterdam","dehavenloods.nl","lokaal","lokaal","nrp",1
"814","Rotterdam","dehavenloods.nl","lokaal","lokaal","stadsinitiatief",21
"815","Rotterdam","dehavenloods.nl","lokaal","lokaal","ubuntu",22
"816","Rotterdam","dehavenloods.nl","lokaal","plus50","plus50",3
"817","Rotterdam","dehavenloods.nl","lokaal","pvda","pvda",24
"818","Rotterdam","dehavenloods.nl","lokaal","pvdd","pvdd",7
"819","Rotterdam","dehavenloods.nl","lokaal","pvv","pvv",1
"820","Rotterdam","dehavenloods.nl","lokaal","sp","sp",11
"821","Rotterdam","dehavenloods.nl","lokaal","vvd","vvd",22
"822","Rotterdam","openrotterdam.nl","lokaal","cda","cda",23
"823","Rotterdam","openrotterdam.nl","lokaal","cu","cu",28
"824","Rotterdam","openrotterdam.nl","lokaal","d66","d66",30
"825","Rotterdam","openrotterdam.nl","lokaal","denk","denk",73
"826","Rotterdam","openrotterdam.nl","lokaal","gl","gl",29
"827","Rotterdam","openrotterdam.nl","lokaal","lokaal","babrotterdam",11
"828","Rotterdam","openrotterdam.nl","lokaal","lokaal","broederschapspartij",6
"829","Rotterdam","openrotterdam.nl","lokaal","lokaal","jezusleeft",12
"830","Rotterdam","openrotterdam.nl","lokaal","lokaal","jongrotterdam",2
"831","Rotterdam","openrotterdam.nl","lokaal","lokaal","lr",82
"832","Rotterdam","openrotterdam.nl","lokaal","lokaal","nida",36
"833","Rotterdam","openrotterdam.nl","lokaal","lokaal","nrp",6
"834","Rotterdam","openrotterdam.nl","lokaal","lokaal","stadsinitiatief",28
"835","Rotterdam","openrotterdam.nl","lokaal","plus50","plus50",11
"836","Rotterdam","openrotterdam.nl","lokaal","pvda","pvda",31
"837","Rotterdam","openrotterdam.nl","lokaal","pvdd","pvdd",30
"838","Rotterdam","openrotterdam.nl","lokaal","pvv","pvv",4
"839","Rotterdam","openrotterdam.nl","lokaal","sp","sp",24
"840","Rotterdam","openrotterdam.nl","lokaal","vvd","vvd",16
"841","Rotterdam","rijnmond.nl","lokaal","cda","cda",116
"842","Rotterdam","rijnmond.nl","lokaal","cu","cu",56
"843","Rotterdam","rijnmond.nl","lokaal","d66","d66",169
"844","Rotterdam","rijnmond.nl","lokaal","denk","denk",248
"845","Rotterdam","rijnmond.nl","lokaal","gl","gl",106
"846","Rotterdam","rijnmond.nl","lokaal","lokaal","babrotterdam",1
"847","Rotterdam","rijnmond.nl","lokaal","lokaal","broederschapspartij",4
"848","Rotterdam","rijnmond.nl","lokaal","lokaal","jezusleeft",5
"849","Rotterdam","rijnmond.nl","lokaal","lokaal","jongrotterdam",3
"850","Rotterdam","rijnmond.nl","lokaal","lokaal","lr",553
"851","Rotterdam","rijnmond.nl","lokaal","lokaal","nida",140
"852","Rotterdam","rijnmond.nl","lokaal","lokaal","nrp",1
"853","Rotterdam","rijnmond.nl","lokaal","lokaal","stadsinitiatief",43
"854","Rotterdam","rijnmond.nl","lokaal","plus50","plus50",26
"855","Rotterdam","rijnmond.nl","lokaal","pvda","pvda",140
"856","Rotterdam","rijnmond.nl","lokaal","pvdd","pvdd",34
"857","Rotterdam","rijnmond.nl","lokaal","pvv","pvv",80
"858","Rotterdam","rijnmond.nl","lokaal","sp","sp",80
"859","Rotterdam","rijnmond.nl","lokaal","vvd","vvd",104
"860","Rotterdam","versbeton.nl","lokaal","cda","cda",80
"861","Rotterdam","versbeton.nl","lokaal","cu","cu",24
"862","Rotterdam","versbeton.nl","lokaal","d66","d66",156
"863","Rotterdam","versbeton.nl","lokaal","denk","denk",325
"864","Rotterdam","versbeton.nl","lokaal","gl","gl",106
"865","Rotterdam","versbeton.nl","lokaal","lokaal","jezusleeft",2
"866","Rotterdam","versbeton.nl","lokaal","lokaal","jongrotterdam",3
"867","Rotterdam","versbeton.nl","lokaal","lokaal","lr",634
"868","Rotterdam","versbeton.nl","lokaal","lokaal","nida",81
"869","Rotterdam","versbeton.nl","lokaal","lokaal","stadsinitiatief",5
"870","Rotterdam","versbeton.nl","lokaal","plus50","plus50",18
"871","Rotterdam","versbeton.nl","lokaal","pvda","pvda",79
"872","Rotterdam","versbeton.nl","lokaal","pvdd","pvdd",28
"873","Rotterdam","versbeton.nl","lokaal","pvv","pvv",54
"874","Rotterdam","versbeton.nl","lokaal","sp","sp",77
"875","Rotterdam","versbeton.nl","lokaal","vvd","vvd",170
"876","Smallingerland","drachtstercourant.nl","lokaal","cda","cda",21
"877","Smallingerland","drachtstercourant.nl","lokaal","cu","cu",30
"878","Smallingerland","drachtstercourant.nl","lokaal","d66","d66",9
"879","Smallingerland","drachtstercourant.nl","lokaal","gl","gl",13
"880","Smallingerland","drachtstercourant.nl","lokaal","lokaal","elp",1
"881","Smallingerland","drachtstercourant.nl","lokaal","lokaal","fnp",5
"882","Smallingerland","drachtstercourant.nl","lokaal","pvda","pvda",24
"883","Smallingerland","drachtstercourant.nl","lokaal","sgp","sgp",1
"884","Smallingerland","drachtstercourant.nl","lokaal","sp","sp",26
"885","Smallingerland","drachtstercourant.nl","lokaal","vvd","vvd",35
"886","Smallingerland","lc.nl","lokaal","cda","cda",215
"887","Smallingerland","lc.nl","lokaal","cu","cu",216
"888","Smallingerland","lc.nl","lokaal","d66","d66",306
"889","Smallingerland","lc.nl","lokaal","gl","gl",161
"890","Smallingerland","lc.nl","lokaal","lokaal","elp",13
"891","Smallingerland","lc.nl","lokaal","lokaal","fnp",36
"892","Smallingerland","lc.nl","lokaal","lokaal","sbelang",2
"893","Smallingerland","lc.nl","lokaal","pvda","pvda",283
"894","Smallingerland","lc.nl","lokaal","sgp","sgp",175
"895","Smallingerland","lc.nl","lokaal","sp","sp",113
"896","Smallingerland","lc.nl","lokaal","vvd","vvd",302
"897","Smallingerland","Leeuwarder Courant","regionaal","cda","cda",510
"898","Smallingerland","Leeuwarder Courant","regionaal","cu","cu",307
"899","Smallingerland","Leeuwarder Courant","regionaal","d66","d66",359
"900","Smallingerland","Leeuwarder Courant","regionaal","gl","gl",222
"901","Smallingerland","Leeuwarder Courant","regionaal","lokaal","elp",17
"902","Smallingerland","Leeuwarder Courant","regionaal","lokaal","fnp",204
"903","Smallingerland","Leeuwarder Courant","regionaal","lokaal","sbelang",82
"904","Smallingerland","Leeuwarder Courant","regionaal","pvda","pvda",531
"905","Smallingerland","Leeuwarder Courant","regionaal","sgp","sgp",128
"906","Smallingerland","Leeuwarder Courant","regionaal","sp","sp",174
"907","Smallingerland","Leeuwarder Courant","regionaal","vvd","vvd",556
"908","Smallingerland","omroepfriesland.nl","regionaal","cda","cda",24
"909","Smallingerland","omroepfriesland.nl","regionaal","cu","cu",22
"910","Smallingerland","omroepfriesland.nl","regionaal","d66","d66",5
"911","Smallingerland","omroepfriesland.nl","regionaal","gl","gl",12
"912","Smallingerland","omroepfriesland.nl","regionaal","lokaal","fnp",41
"913","Smallingerland","omroepfriesland.nl","regionaal","pvda","pvda",26
"914","Smallingerland","omroepfriesland.nl","regionaal","sgp","sgp",5
"915","Smallingerland","omroepfriesland.nl","regionaal","sp","sp",27
"916","Smallingerland","omroepfriesland.nl","regionaal","vvd","vvd",33
"917","Smallingerland","waldnet.nl","lokaal","cda","cda",25
"918","Smallingerland","waldnet.nl","lokaal","cu","cu",39
"919","Smallingerland","waldnet.nl","lokaal","d66","d66",28
"920","Smallingerland","waldnet.nl","lokaal","gl","gl",10
"921","Smallingerland","waldnet.nl","lokaal","lokaal","elp",12
"922","Smallingerland","waldnet.nl","lokaal","lokaal","fnp",13
"923","Smallingerland","waldnet.nl","lokaal","lokaal","sbelang",2
"924","Smallingerland","waldnet.nl","lokaal","pvda","pvda",51
"925","Smallingerland","waldnet.nl","lokaal","sgp","sgp",7
"926","Smallingerland","waldnet.nl","lokaal","sp","sp",14
"927","Smallingerland","waldnet.nl","lokaal","vvd","vvd",43
